<config xmlns:xsi="http://www.w3.org/2001/XMLSchema-instance" xsi:noNamespaceSchemaLocation="urn:magento:framework:ObjectManager/etc/config.xsd">
  <type name="Magento\PageBuilder\Model\Stage\RendererPool">
      <arguments>
          <argument name="renderers" xsi:type="array">
              <item name="filterproducts" xsi:type="object">Magento\PageBuilder\Model\Stage\Renderer\WidgetDirective</item>
          </argument>
      </arguments>
  </type>
  <type name="Magento\PageBuilder\Model\WidgetInitializerConfig">
      <arguments>
          <argument name="config" xsi:type="array">
              <item name="filterproducts" xsi:type="array">
                  <item name="default" xsi:type="array">
                      <item name="component" xsi:type="string">Smartwave_Filterproducts/js/content-type/filterproducts/appearance/carousel/widget</item>
                      <item name="appearance" xsi:type="string">owlcarousel</item>
                  </item>
              </item>
          </argument>
      </arguments>
  </type>
</config>
