<root>
<config>
    <web>
        <default>
            <cms_home_page>porto_home_29</cms_home_page>
            <cms_no_route>no-route-2</cms_no_route>
        </default>
    </web>
    <cms>
        <wysiwyg>
            <enabled>hidden</enabled>
        </wysiwyg>
    </cms>
    <design>
        <header>
            <logo_width>111</logo_width>
            <logo_height>44</logo_height>
            <logo_src>default/logo_ecomwhite_lg.png</logo_src>
        </header>
    </design>
    <dev>
        <js>
            <merge_files>1</merge_files>
        </js>
    </dev>
    <layered_navigation>
        <general>
            <enable>1</enable>
        </general>
    </layered_navigation>
    <porto_settings>
        <general>
            <boxed>wide</boxed>
            <layout>1220</layout>
            <show_site_notice>0</show_site_notice>
            <show_site_notice_button>1</show_site_notice_button>
            <custom_notice_day>1</custom_notice_day>
            <custom_notice_block>porto_custom_notice</custom_notice_block>
            <category_list_on_left>0</category_list_on_left>
            <smartlayers>1</smartlayers>
            <sidebar_sticky>1</sidebar_sticky>
        </general>
        <header>
            <header_type>19</header_type>
            <static_block_top>porto_custom_block_for_header_top5</static_block_top>
            <static_block></static_block>
            <sticky_header>1</sticky_header>
            <sticky_header_logo>0</sticky_header_logo>
            <mobile_sticky_header>1</mobile_sticky_header>
            <currency_short>1</currency_short>
            <language_flag>1</language_flag>
        </header>
        <footer>
            <footer_top>1</footer_top>
            <footer_top_block>custom</footer_top_block>
            <footer_top_custom>footer_top_block9</footer_top_custom>
            <footer_middle>1</footer_middle>
            <footer_ribbon>0</footer_ribbon>
            <footer_ribbon_text>Get in touch</footer_ribbon_text>
            <footer_middle_column_1>custom</footer_middle_column_1>
            <footer_middle_column_1_custom>footer_middle_groups8</footer_middle_column_1_custom>
            <footer_middle_column_1_size>12</footer_middle_column_1_size>
            <footer_middle_column_2></footer_middle_column_2>
            <footer_middle_column_2_custom></footer_middle_column_2_custom>
            <footer_middle_column_2_size>3</footer_middle_column_2_size>
            <footer_middle_column_3></footer_middle_column_3>
            <footer_middle_column_3_custom></footer_middle_column_3_custom>
            <footer_middle_column_3_size>3</footer_middle_column_3_size>
            <footer_middle_column_4></footer_middle_column_4>
            <footer_middle_column_4_custom></footer_middle_column_4_custom>
            <footer_middle_column_4_size>3</footer_middle_column_4_size>
            <footer_middle_2>0</footer_middle_2>
            <footer_middle_2_column_1>custom</footer_middle_2_column_1>
            <footer_middle_2_column_1_custom></footer_middle_2_column_1_custom>
            <footer_middle_2_column_1_size>3</footer_middle_2_column_1_size>
            <footer_middle_2_column_2>custom</footer_middle_2_column_2>
            <footer_middle_2_column_2_custom></footer_middle_2_column_2_custom>
            <footer_middle_2_column_2_size>3</footer_middle_2_column_2_size>
            <footer_middle_2_column_3>custom</footer_middle_2_column_3>
            <footer_middle_2_column_3_custom></footer_middle_2_column_3_custom>
            <footer_middle_2_column_3_size>3</footer_middle_2_column_3_size>
            <footer_middle_2_column_4>custom</footer_middle_2_column_4>
            <footer_middle_2_column_4_custom></footer_middle_2_column_4_custom>
            <footer_middle_2_column_4_size>3</footer_middle_2_column_4_size>
            <footer_bottom>1</footer_bottom>
            <footer_store_switcher>0</footer_store_switcher>
            <footer_logo_src></footer_logo_src>
            <footer_bottom_copyrights><![CDATA[© Porto Magento 2024. All Rights Reserved.]]></footer_bottom_copyrights>
            <footer_bottom_custom_1></footer_bottom_custom_1>
            <footer_bottom_custom_2></footer_bottom_custom_2>
        </footer>
        <category>
            <alternative_image>1</alternative_image>
            <aspect_ratio>0</aspect_ratio>
            <ratio_width>300</ratio_width>
            <ratio_height>300</ratio_height>
            <rating_star>1</rating_star>
            <product_price>1</product_price>
            <actions>1</actions>
            <addtocompare>1</addtocompare>
            <addtowishlist>1</addtowishlist>
            <qty_field>0</qty_field>
            <page_layout>2columns-left</page_layout>
            <category_description>full_width</category_description>
            <side_custom_block>porto_category_side_custom_block</side_custom_block>
        </category>
        <category_grid>
            <product_type>3</product_type>
            <columns>4</columns>
            <xs_one_column>0</xs_one_column>
            <infinite_scroller>0</infinite_scroller>
        </category_grid>
        <product>
          <aspect_ratio>0</aspect_ratio>
          <ratio_width>500</ratio_width>
          <ratio_height>500</ratio_height>
            <product_image_size>5</product_image_size>
            <product_page_type></product_page_type>
            <main_custom_block></main_custom_block>
            <side_custom_block>porto_product_side_custom_block</side_custom_block>
            <page_layout>1column</page_layout>
            <upsell_columns>4</upsell_columns>
            <move_upsell>0</move_upsell>
            <move_upsell_full>1</move_upsell_full>
            <move_addtolinks>1</move_addtolinks>
            <tab_full_background>0</tab_full_background>
            <custom_block_next_tab></custom_block_next_tab>
        </product>
        <newsletter>
            <delay>10000</delay>
            <logo_src>default/logo_ecomblack_lg.png</logo_src>
            <content><![CDATA[<h3 style="font-size: 1.125rem;line-height: 1.2" class="vc_custom_heading mb-2 align-left text-uppercase">Subscribe To Newsletter</h3>
<p style="font-size: 0.875rem;line-height: 1.8571;letter-spacing:-.02em" class="vc_custom_heading mb-4 align-left">Subscribe to the Porto mailing list to receive updates on new arrivals, special offers and our promotions.</p>]]></content>
            <width>740px</width>
            <height>320px</height>
        </newsletter>
        <contacts>
            <enable>1</enable>
            <full_width>0</full_width>
            <address>Porto2 Store</address>
            <latitude>-34.398</latitude>
            <longitude>150.884</longitude>
            <zoom>18</zoom>
            <infoblock><![CDATA[<div class="row">
<div class="col-md-12">
    <i class="porto-icon-phone"></i>
    <p>0201 203 2032</p>
    <p>0201 203 2032</p>
</div>
</div>
<div class="row">
<div class="col-md-12">
    <i class="porto-icon-mobile"></i>
    <p>201-123-3922</p>
    <p>302-123-3928</p>
</div>
</div>
<div class="row">
<div class="col-md-12">
    <i class="porto-icon-mail-alt"></i>
    <p>porto@gmail.com</p>
    <p>porto@portotemplate.com</p>
</div>
</div>
<div class="row">
<div class="col-md-12">
    <i class="porto-icon-skype"></i>
    <p>porto_skype</p>
    <p>proto_template</p>
</div>
</div>]]></infoblock>
            <customblock></customblock>
        </contacts>
        <custom_settings>
          <custom_google_fonts><![CDATA[@import url('https://fonts.googleapis.com/css2?family=Playfair+Display:ital,wght@0,400;0,500;0,600;0,700;0,800;0,900;1,400;1,500;1,600;1,700;1,800;1,900&display=swap');]]></custom_google_fonts>
            <custom_style><![CDATA[body {
    line-height: 26px;
    letter-spacing: .07px;
    background-color: #222529;
}
@media (max-width: 575px){
body {
    font-size: 13px;
    line-height: 21px;
}
}
li {
    line-height: 26px;
}
p {
    letter-spacing: .07px;
}
h1, h2, h3, h4, h5, h6 {
    font-family: Poppins,sans-serif;
    color: #fff;
    letter-spacing: normal;
}
h1 {
    font-family: Open Sans,sans-serif;
    font-weight: 400;
    font-size: 36px;
    line-height: 44px;
    margin: 0 0 32px 0;
}
h2 {
    font-family: Open Sans,sans-serif;
    font-weight: 400;
    font-size: 30px;
    line-height: 40px;
    margin: 0 0 32px 0;
}
h3 {
    font-family: Open Sans,sans-serif;
    font-weight: 400;
    font-size: 25px;
    line-height: 32px;
    margin: 0 0 20px 0;
}
h4 {
    font-family: Poppins,sans-serif;
    font-weight: 400;
    font-size: 20px;
    line-height: 27px;
    margin: 0 0 14px 0;
}
h5 {
    font-family: Poppins,sans-serif;
    font-weight: 400;
    font-size: 14px;
    line-height: 24px;
    margin: 0 0 14px 0;
}
h6 {
    font-family: Poppins,sans-serif;
    font-weight: 400;
    font-size: 13px;
    line-height: 24px;
    margin: 0 0 14px 0;
}
.home-banner-slider h2.vc_custom_heading, .custom-font4 {
    font-family: 'Segoe Script','Savoye LET';
}
html .heading-secondary, html .lnk-secondary, html .text-color-secondary {
    color: #ff7272;
}
html .btn-modern {
    text-transform: uppercase;
    font-size: .75rem;
    padding: .75rem 1.5rem;
    font-weight: 600;
    height: auto;
}
html .action.primary, html .btn {
    font-family: Poppins;
    letter-spacing: .01em;
    font-weight: 700;
    line-height: 1.42857;
    padding: .8em 2em;
    border-radius: 0;
    font-size: .8rem;
}
html .btn-modern {
    font-size: .8125rem;
    padding: 1em 2.8em;
}
html .action.primary {
    color: #fff;
    background-color: #0078f2;
    border-color: #0078f2 #0078f2 #0078f2;
}
html .btn-sm {
    font-size: .75rem;
    line-height: 1.5;
}
html .btn-xl {
    font-size: 1rem;
    padding: .8rem 2rem;
}
html .btn-lg {
    padding: .5rem .875rem;
    font-size: .875rem;
    line-height: 1.3333;
}
.btn-modern.btn-xl {
    font-size: 1rem;
    padding: 1.25em 3.125em;
}
.btn-flat {
    padding: 0!important;
    background: none!important;
    border: none!important;
    border-bottom: 1px solid transparent!important;
    box-shadow: none!important;
    text-transform: uppercase;
    font-size: .75rem;
}
html .btn-dark {
    color: #fff;
    background-color: #222529;
    border-color: #222529 #222529 #0b0c0e;
}
html .btn-light {
    color: #222529;
    background-color: #fff;
    border-color: #fff #fff #e6e6e6;
}
html .btn-quaternary {
    color: #fff;
    background-color: #000;
    border-color: #000 #000 #000;
}
html .background-color-secondary {
    background-color: #f4a085 !important;
}
html .heading-quaternary, html .lnk-quaternary, html .text-color-quaternary {
    color: #000000!important;
}
.product-item-name a {
    font-family: Open Sans,sans-serif;
    color: #fff;
}
.product-item .rating-summary .rating-result:before {
    color: rgba(255,255,255,.13);
}
.product-item .rating-summary .rating-result > span:before {
    color: #ffc600;
}
.price-box .price {
    font-family: 'Open Sans';
}
.product-item-actions .action.towishlist {
    color: #aaa;
}
.top-icon .porto-sicon-header {
    margin-bottom: .75rem;
}
.page-wrapper > .breadcrumbs {
  margin-bottom: 35px;
  font-size: 10px;
  font-weight: 700;
  letter-spacing: .05em;
}
.page-wrapper > .breadcrumbs .items {
  padding-top: 20px;
  padding-bottom: 21px;
  position: relative;
}
.page-wrapper > .breadcrumbs .items:after {
  content: '';
  position: absolute;
  bottom: 0;
  left: 10px;
  right: 10px;
  border-bottom: 1px solid #303438;
}
.page-wrapper > .breadcrumbs .items>li.home a {
  width: auto;
  text-indent: 0;
}
.page-wrapper > .breadcrumbs .items>li.home a:after {
  display: none;
}
.catalog-category-view .sidebar.sidebar-main .sidebar-content,.catalogsearch-result-index .sidebar.sidebar-main .sidebar-content {
  border: none;
}
.sidebar .sidebar-content .block-category-list, .side-custom-block .custom-block,.filter-options-item,.filter-actions {
  padding: 0;
  margin-bottom: 30px;
  border: none;
}
.filter-current {padding: 0;}
.block-category-list .block-title, .side-custom-block .custom-block h2, .filter-options-title, .filter .filter-current-subtitle {
  border-bottom: 1px solid #303438;
  padding: 0 0 6px;
  margin-bottom: 0;
  line-height: 1.4;
  font-size: 12px;
  font-weight: 600;
  color: #fff;
  letter-spacing: .05em;
  font-family: Poppins,sans-serif;
}
.side-custom-block .custom-block h2 {
  margin-bottom: 10px;
}
.block-category-list .block-content,.filter-options-content,.custom-block .block-content, .filter-current .items,.filter-actions {
  padding-left: 15px;
}
.block-category-list .block-content ol li a {
  font-size: 12px;
  padding: 4px 0;
  font-weight: 400;
}
.side-custom-block .custom-block:last-child {
  margin-bottom: 0;
}
.side-custom-block .custom-block h5 {
  margin-top: 0 !important;
}
.products-related .owl-carousel.show-nav-title .owl-nav {
    margin-top: -97px;
}
/********color*********/
.customer-account-login .page-title-wrapper, .customer-account-create .page-title-wrapper, .customer-account-forgotpassword .page-title-wrapper {
    background-color: #313438;
}
.customer-account-login .page-title-wrapper h1.page-title, .customer-account-create .page-title-wrapper h1.page-title, .customer-account-forgotpassword .page-title-wrapper h1.page-title {
    color: #fff !important;
}
.login-container .block .actions-toolbar > .primary .action, .login-container .block .actions-toolbar > .secondary .action,.prev-next-products .product-nav .product-pop {
    background: #353a40 !important;
}
.review-add input, .review-add textarea {
    background: #2e3237 !important;
}
.small-list.products-grid .product-items .product-item-details a{
    color:#474747;
}
.small-list.products-grid .product-items .price {
    color: #fff;
}
.owl-carousel.show-nav-title .owl-nav [class*="owl-"],.owl-carousel.show-nav-title .owl-nav [class*="owl-"], .owl-carousel.show-nav-title .owl-nav [class*="owl-"]:hover, .owl-carousel.show-nav-title .owl-nav [class*="owl-"]:active {
    color: #fff;
}
.toolbar select,.pages strong.page, .pages a.page, .pages .action, .pages a.page:hover {
    background: #2e3237;
}
.products.wrapper ~ .toolbar,.toolbar select,.pages strong.page, .pages a.page, .pages .action, .pages a.page:hover,.product-add-form .box-tocart,.qty.field .qty-changer > a, .col.qty .qty-changer > a,.qty.field .input-text.qty, .col.qty .input-text.qty, .bundle-options-container .block-bundle-summary .product-addto-links > .action, .action.tocompare, .product-addto-links .action.tocompare, .moved-add-to-links .action.tocompare, .product-social-links .action.tocompare, .wishlist.split.button > .action.split, .product-social-links .action.mailto.friend, .moved-add-to-links .action.mailto.friend, .product-social-links .action.towishlist, .product-addto-links .action.towishlist, .block-bundle-summary .action.towishlist, .product-item .action.towishlist, .table-comparison .action.towishlist,.product.data.items > .item.content,.cart.table-wrapper .cart thead tr th.col,.cart.table-wrapper .cart > .item {
    border-color: #2e3237;
}
.sorter-action:before,.pages strong.page, .pages a.page, .pages .action, .pages a.page:hover, .product-info-main .page-title-wrapper h1,.qty.field .qty-changer > a, .col.qty .qty-changer > a,.bundle-options-container .block-bundle-summary .product-addto-links > .action, .action.tocompare, .product-addto-links .action.tocompare, .moved-add-to-links .action.tocompare, .product-social-links .action.tocompare, .wishlist.split.button > .action.split, .product-social-links .action.mailto.friend, .moved-add-to-links .action.mailto.friend, .product-social-links .action.towishlist, .product-addto-links .action.towishlist, .block-bundle-summary .action.towishlist, .product-item .action.towishlist, .table-comparison .action.towishlist,.product-social-links .share-links a:not(:hover),.product.data.items > .item.title.active,.porto-info-list .porto-info-icon, .product.description ul .porto-info-icon, .porto-info-list [class^=porto-icon-], .product.description ul [class^=porto-icon-],.qty.field .input-text.qty, .col.qty .input-text.qty,.product.data.items > .item.title:hover,.cart.table-wrapper .cart thead tr th.col,.block-compare .block-title strong, .block-reorder .block-title strong, .widget .block-title strong, .block-wishlist .block-title strong {
    color: #fff;
}
.product.data.items > .item.title.active,.product.data.items > .item.title:hover {
    border-color: #fff;
}
@media(min-width:768px){
.product.data.items > .item.content {
    margin-top: 42px;
}
}
.qty.field .input-text.qty, .col.qty .input-text.qty {
    background: transparent !important;
}
.box-tocart .action.tocart:not(:hover) {
    background: #2e3237;
}
.cart-summary,.opc-block-summary {
    background: #292d32;
    border-color: #2e3237;
    color: #fff;
}
.cart-summary .block .title,.cart-totals,.cart-totals tbody .grand.totals .mark, .cart-totals tfoot .grand.totals .mark,.cart-totals tbody .grand.totals .amount, .cart-totals tfoot .grand.totals .amount,.opc-wrapper .step-title,.opc-wrapper .form-login,.table-checkout-shipping-method tbody td,.opc-block-summary .items-in-cart > .title,.widget.block-categories li{
    border-color: #353a40;
}
.prev-next-products .product-nav .product-pop:before {
    border-bottom-color: #353a40;
}
.block .title strong,.cart-summary > .title,.cart-totals tbody .grand.totals .mark, .cart-totals tfoot .grand.totals .mark,.cart-totals tbody .amount, .cart-totals tfoot .amount, .opc-block-summary .table-totals tbody .amount, .opc-block-summary .table-totals tfoot .amount,.cart-totals tbody .grand.totals .amount, .cart-totals tfoot .grand.totals .amount,.opc-block-summary > .title,.minicart-items .product-item-name {
    color: inherit;
}
.toolbar a.porto-product-filters-toggle {
    background: #2e3237;
    border: none;
}
.toolbar a.porto-product-filters-toggle svg {
    fill: #fff;
    stroke: #fff;
    width: 28px;
}
@media (max-width: 991px) {
.toolbar {
    color: #fff;
    background: #272b2f;
}
.toolbar select {
    color: #fff;
}
}
/***** end color *****/
.footer .widgettitle, .footer .widget-title {
    font-size: .9375rem;
    font-weight: 600;
}
.prev-next-products a {
    color: #777;
}
html .background-color-secondary {
    background-color: #ff7272!important;
}
.footer-top {
    border-bottom: 1px solid #2a2e33;
    padding: 35px 0;
}
.footer-top .custom-block:before, .footer-top .custom-block::after {
    display: none;
}
.footer-middle > .container::after {
    display: none;
}
.footer .footer-middle>.container {
    padding-top: 45px;
    padding-bottom: 15px;
}
.footer .footer-bottom {
    padding: 30px 0;
}
.footer-bottom address {
    text-align: center;
    padding: 10px 8px;
    line-height: 14px;
}]]></custom_style>
            <custom_style_2><![CDATA[]]></custom_style_2>
        </custom_settings>
    </porto_settings>
    <porto_design>
        <general>
            <theme_color>#0078f2</theme_color>
        </general>
        <font>
            <custom>1</custom>
            <font_size>14px</font_size>
            <font_family>google</font_family>
            <custom_font_family></custom_font_family>
            <google_font_family>Poppins</google_font_family>
            <char_latin_ext></char_latin_ext>
            <char_subset></char_subset>
        </font>
        <colors>
            <custom>1</custom>
            <text_color>#777</text_color>
            <link_color>#777</link_color>
            <link_hover_color>#777</link_hover_color>
            <button_bg_color>#353a40</button_bg_color>
            <button_text_color>#fff</button_text_color>
            <button_hover_bg_color>#0078f2</button_hover_bg_color>
            <button_hover_text_color>#fff</button_hover_text_color>
            <breadcrumbs_bg_color>#222529</breadcrumbs_bg_color>
            <breadcrumbs_color>#fff</breadcrumbs_color>
            <breadcrumbs_links_color>#fff</breadcrumbs_links_color>
            <breadcrumbs_links_hover_color>#fff</breadcrumbs_links_hover_color>
            <sale_bg_color></sale_bg_color>
            <sale_font_color></sale_font_color>
            <new_bg_color></new_bg_color>
            <new_font_color></new_font_color>
            <price_slider_bg_color>#eee</price_slider_bg_color>
            <price_slider_handle_color>#0078f2</price_slider_handle_color>
        </colors>
        <header>
            <custom>1</custom>
            <notice_bgcolor>dark</notice_bgcolor>
            <notice_text_color>light</notice_text_color>
            <header_bgcolor>#2c2f33</header_bgcolor>
            <header_bg_image></header_bg_image>
            <header_bordercolor></header_bordercolor>
            <header_textcolor>#fff</header_textcolor>
            <header_linkcolor>#fff</header_linkcolor>
            <header_top_links_bgcolor>#222529</header_top_links_bgcolor>
            <header_top_links_color>#fff</header_top_links_color>
            <header_menu_bgcolor>transparent</header_menu_bgcolor>
            <header_menu_color>#fff</header_menu_color>
            <header_menu_hover_bgcolor>#0078f2</header_menu_hover_bgcolor>
            <header_menu_hover_color>#fff</header_menu_hover_color>
            <header_sidemenu_color>#fff</header_sidemenu_color>
            <header_sidemenu_hover_bgcolor>#0078f2</header_sidemenu_hover_bgcolor>
            <header_sidemenu_hover_color>#FFFFFF</header_sidemenu_hover_color>
            <header_menu_classicmenu_bgcolor></header_menu_classicmenu_bgcolor>
            <header_menu_classicmenu_bordercolor></header_menu_classicmenu_bordercolor>
            <header_menu_classicmenu_color>#696969</header_menu_classicmenu_color>
            <header_menu_classicmenu_hover_bgcolor>#f4f4f4</header_menu_classicmenu_hover_bgcolor>
            <header_menu_classicmenu_hover_color>#696969</header_menu_classicmenu_hover_color>
            <header_menu_megamenu_bgcolor></header_menu_megamenu_bgcolor>
            <header_menu_megamenu_bordercolor></header_menu_megamenu_bordercolor>
            <header_menu_megamenu_color>#696969</header_menu_megamenu_color>
            <header_menu_megamenu_hover_color>#696969</header_menu_megamenu_hover_color>
            <header_search_bgcolor>#fff</header_search_bgcolor>
            <header_search_text_color>#555</header_search_text_color>
            <header_search_bordercolor>#ccc</header_search_bordercolor>
            <header_minicart_design>2</header_minicart_design>
            <header_minicart_color>#FFFFFF</header_minicart_color>
            <header_minicart_icon_color>#fff</header_minicart_icon_color>
        </header>
        <footer>
            <custom>1</custom>
            <footer_top_bgcolor>#1c1e21</footer_top_bgcolor>
            <footer_top_color>#999</footer_top_color>
            <footer_top_link_color>#999</footer_top_link_color>
            <footer_top_link_hover_color>#999</footer_top_link_hover_color>
            <footer_middle_bgcolor>#1c1e21</footer_middle_bgcolor>
            <footer_middle_color>#999</footer_middle_color>
            <footer_middle_link_color>#999</footer_middle_link_color>
            <footer_middle_link_hover_color>#FFFFFF</footer_middle_link_hover_color>
            <footer_middle_title_color>#FFFFFF</footer_middle_title_color>
            <footer_middle_links_icon_color>#999</footer_middle_links_icon_color>
            <footer_middle_ribbon_bgcolor>#0078f2</footer_middle_ribbon_bgcolor>
            <footer_middle_ribbon_shadow_color>#0078f2</footer_middle_ribbon_shadow_color>
            <footer_middle_ribbon_color>FFFFFF</footer_middle_ribbon_color>
            <footer_middle_2_bgcolor></footer_middle_2_bgcolor>
            <footer_middle_2_color></footer_middle_2_color>
            <footer_middle_2_link_color></footer_middle_2_link_color>
            <footer_middle_2_link_hover_color></footer_middle_2_link_hover_color>
            <footer_middle_2_title_color></footer_middle_2_title_color>
            <footer_middle_2_links_icon_color></footer_middle_2_links_icon_color>
            <footer_bottom_bgcolor>#222529</footer_bottom_bgcolor>
            <footer_bottom_color>#777</footer_bottom_color>
            <footer_bottom_link_color>#777</footer_bottom_link_color>
            <footer_bottom_link_hover_color>#777</footer_bottom_link_hover_color>
        </footer>
        <page>
            <custom>0</custom>
            <page_bgcolor></page_bgcolor>
            <page_bg_image></page_bg_image>
            <page_custom_style><![CDATA[]]></page_custom_style>
        </page>
        <main>
            <custom>0</custom>
            <main_bgcolor></main_bgcolor>
            <main_bg_image></main_bg_image>
            <main_custom_style><![CDATA[]]></main_custom_style>
        </main>
    </porto_design>
    <mpsearch>
        <general>
            <enabled>1</enabled>
        </general>
    </mpsearch>
</config>
</root>
